{
  "classifier": "rf",
  "classifier_val_results": [
    {
      "name": "rf",
      "val_macro_f1": 0.7283872332739904
    },
    {
      "name": "hgb",
      "val_macro_f1": 0.5322294869900837
    }
  ],
  "test_macro_f1": 0.7524633582439371,
  "test_report": {
    "Benign": {
      "precision": 0.9858171503382064,
      "recall": 0.9866783140423673,
      "f1-score": 0.9862475442043221,
      "support": 9158.0
    },
    "DoS-TCP_Flood": {
      "precision": 0.0,
      "recall": 0.0,
      "f1-score": 0.0,
      "support": 0.0
    },
    "DDoS-TCP_Flood": {
      "precision": 0.0,
      "recall": 0.0,
      "f1-score": 0.0,
      "support": 0.0
    },
    "DNS Spoofing": {
      "precision": 0.6781609195402298,
      "recall": 0.37579617834394907,
      "f1-score": 0.48360655737704916,
      "support": 157.0
    },
    "Cross-Site Scripting (XSS)": {
      "precision": 0.7722222222222223,
      "recall": 0.879746835443038,
      "f1-score": 0.8224852071005917,
      "support": 158.0
    },
    "Brute Force": {
      "precision": 0.6446700507614214,
      "recall": 0.8089171974522293,
      "f1-score": 0.7175141242937854,
      "support": 157.0
    },
    "accuracy": 0.9720664589823468,
    "macro avg": {
      "precision": 0.5134783904770133,
      "recall": 0.5085230875469307,
      "f1-score": 0.5016422388292914,
      "support": 9630.0
    },
    "weighted avg": {
      "precision": 0.9717351024138902,
      "recall": 0.9720664589823468,
      "f1-score": 0.9709847995397088,
      "support": 9630.0
    }
  },
  "test_confusion_matrix": [
    [
      9036,
      0,
      0,
      28,
      33,
      61
    ],
    [
      0,
      0,
      0,
      0,
      0,
      0
    ],
    [
      0,
      0,
      0,
      0,
      0,
      0
    ],
    [
      91,
      0,
      0,
      59,
      2,
      5
    ],
    [
      15,
      0,
      0,
      0,
      139,
      4
    ],
    [
      24,
      0,
      0,
      0,
      6,
      127
    ]
  ],
  "stage1": {
    "method": "autoencoder",
    "threshold": 0.05335709825158119,
    "flagged_packets": 246033,
    "unique_flagged_flow_keys": 227650
  },
  "stage2": {
    "flagged_flows_total": 1000,
    "stage1_false_positives": 435,
    "stage2_false_positives": 24,
    "false_positive_reduction": 0.9448275862068966
  },
  "features_used": [
    "ack_flag_count",
    "active_max",
    "active_mean",
    "active_min",
    "active_std",
    "average_packet_size",
    "bwd_bulk_rate_avg",
    "bwd_bytes/bulk_avg",
    "bwd_header_length",
    "bwd_iat_max",
    "bwd_iat_mean",
    "bwd_iat_min",
    "bwd_iat_std",
    "bwd_iat_total",
    "bwd_init_win_bytes",
    "bwd_packet/bulk_avg",
    "bwd_packet_length_max",
    "bwd_packet_length_mean",
    "bwd_packet_length_min",
    "bwd_packet_length_std",
    "bwd_packets/s",
    "bwd_segment_size_avg",
    "cwr_flag_count",
    "down/up_ratio",
    "dst_port",
    "ece_flag_count",
    "fin_flag_count",
    "flow_bytes/s",
    "flow_duration",
    "flow_iat_max",
    "flow_iat_mean",
    "flow_iat_min",
    "flow_iat_std",
    "flow_packets/s",
    "fwd_act_data_pkts",
    "fwd_header_length",
    "fwd_iat_max",
    "fwd_iat_mean",
    "fwd_iat_min",
    "fwd_iat_std",
    "fwd_iat_total",
    "fwd_init_win_bytes",
    "fwd_packet_length_max",
    "fwd_packet_length_mean",
    "fwd_packet_length_min",
    "fwd_packet_length_std",
    "fwd_packets/s",
    "fwd_psh_flags",
    "fwd_seg_size_min",
    "fwd_segment_size_avg",
    "idle_max",
    "idle_mean",
    "idle_min",
    "idle_std",
    "packet_length_max",
    "packet_length_mean",
    "packet_length_min",
    "packet_length_std",
    "packet_length_variance",
    "protocol",
    "psh_flag_count",
    "rst_flag_count",
    "src_port",
    "subflow_bwd_bytes",
    "subflow_bwd_packets",
    "subflow_fwd_bytes",
    "subflow_fwd_packets",
    "syn_flag_count",
    "total_bwd_packets",
    "total_fwd_packet",
    "total_length_of_bwd_packet",
    "total_length_of_fwd_packet",
    "total_packets",
    "flagged_packets",
    "mean_stage1_score",
    "max_stage1_score",
    "flagged_ratio"
  ]
}