{
  "results": [
    {
      "name": "Autoencoder",
      "threshold": 0.07440576702356339,
      "val": {
        "auc": 0.9679275452250076,
        "precision": 0.9965431693390978,
        "recall": 0.7359540344472211,
        "f1": 0.8466506778459262,
        "fpr": 0.021362944591623922,
        "fnr": 0.26404596555277887,
        "cm": [
          [
            17362,
            379
          ],
          [
            39200,
            109259
          ]
        ],
        "report": {
          "Benign": {
            "precision": 0.3069551996039744,
            "recall": 0.9786370554083761,
            "f1-score": 0.4673297175080414,
            "support": 17741.0
          },
          "Attack": {
            "precision": 0.9965431693390978,
            "recall": 0.7359540344472211,
            "f1-score": 0.8466506778459262,
            "support": 148459.0
          },
          "accuracy": 0.7618592057761733,
          "macro avg": {
            "precision": 0.6517491844715361,
            "recall": 0.8572955449277986,
            "f1-score": 0.6569901976769839,
            "support": 166200.0
          },
          "weighted avg": {
            "precision": 0.9229331803434851,
            "recall": 0.7618592057761733,
            "f1-score": 0.8061601052986673,
            "support": 166200.0
          }
        },
        "per_attack_recall": {
          "Brute Force": {
            "n": 6522,
            "recall": 0.0821833793314934
          },
          "Cross-Site Scripting (XSS)": {
            "n": 2060,
            "recall": 0.09368932038834951
          },
          "DDoS-TCP_Flood": {
            "n": 78452,
            "recall": 0.7532249018508133
          },
          "DNS Spoofing": {
            "n": 14685,
            "recall": 0.31794347974123255
          },
          "DoS-TCP_Flood": {
            "n": 46740,
            "recall": 0.9578305519897304
          }
        }
      },
      "test": {
        "auc": 0.967455889509516,
        "precision": 0.9967252294163793,
        "recall": 0.7360079213789665,
        "f1": 0.8467520390568999,
        "fpr": 0.020233331454658176,
        "fnr": 0.2639920786210334,
        "cm": [
          [
            17384,
            359
          ],
          [
            39192,
            109267
          ]
        ],
        "report": {
          "Benign": {
            "precision": 0.30726809954751133,
            "recall": 0.9797666685453418,
            "f1-score": 0.4678211493696094,
            "support": 17743.0
          },
          "Attack": {
            "precision": 0.9967252294163793,
            "recall": 0.7360079213789665,
            "f1-score": 0.8467520390568999,
            "support": 148459.0
          },
          "accuracy": 0.7620305411487226,
          "macro avg": {
            "precision": 0.6519966644819453,
            "recall": 0.8578872949621541,
            "f1-score": 0.6572865942132546,
            "support": 166202.0
          },
          "weighted avg": {
            "precision": 0.9231217959121896,
            "recall": 0.7620305411487226,
            "f1-score": 0.806299031417271,
            "support": 166202.0
          }
        },
        "per_attack_recall": {
          "Brute Force": {
            "n": 6626,
            "recall": 0.0932689405372774
          },
          "Cross-Site Scripting (XSS)": {
            "n": 1950,
            "recall": 0.09538461538461539
          },
          "DDoS-TCP_Flood": {
            "n": 78404,
            "recall": 0.7556629763787562
          },
          "DNS Spoofing": {
            "n": 14917,
            "recall": 0.3150097204531742
          },
          "DoS-TCP_Flood": {
            "n": 46562,
            "recall": 0.9560800652892917
          }
        }
      }
    }
  ],
  "features": [
    "average_p",
    "channel_10_count",
    "channel_10_mean",
    "channel_10_var",
    "channel_1_count",
    "channel_1_mean",
    "channel_1_var",
    "channel_30_count",
    "channel_30_mean",
    "channel_30_var",
    "channel_5_count",
    "channel_5_mean",
    "channel_5_var",
    "channel_60_count",
    "channel_60_mean",
    "channel_60_var",
    "dns_interval",
    "dns_len_ans",
    "dns_len_qry",
    "dns_query_type",
    "dst_port",
    "eth_size",
    "handshake_cipher_suites_length",
    "handshake_extensions_length",
    "handshake_sig_hash_alg_len",
    "http_content_len",
    "http_response_code",
    "icmp_checksum_status",
    "icmp_data_size",
    "icmp_type",
    "inter_arrival_time",
    "iqr_p",
    "jitter",
    "l3_ip_dst_count",
    "l4_tcp",
    "l4_udp",
    "max_p",
    "med_p",
    "min_e",
    "min_et",
    "min_p",
    "most_freq_spot",
    "ntp_interval",
    "payload_entropy",
    "payload_length",
    "port_class_dst",
    "q1",
    "q1_e",
    "q1_p",
    "q3_p",
    "src_ip_10_count",
    "src_ip_10_mean",
    "src_ip_10_var",
    "src_ip_1_count",
    "src_ip_1_mean",
    "src_ip_1_var",
    "src_ip_30_count",
    "src_ip_30_mean",
    "src_ip_30_var",
    "src_ip_5_count",
    "src_ip_5_mean",
    "src_ip_5_var",
    "src_ip_60_count",
    "src_ip_60_mean",
    "src_ip_60_var",
    "src_ip_mac_10_count",
    "src_ip_mac_10_mean",
    "src_ip_mac_10_var",
    "src_ip_mac_1_count",
    "src_ip_mac_1_mean",
    "src_ip_mac_1_var",
    "src_ip_mac_30_count",
    "src_ip_mac_30_mean",
    "src_ip_mac_30_var",
    "src_ip_mac_5_count",
    "src_ip_mac_5_mean",
    "src_ip_mac_5_var",
    "src_ip_mac_60_count",
    "src_ip_mac_60_mean",
    "src_ip_mac_60_var",
    "src_port",
    "stream",
    "stream_10_count",
    "stream_10_mean",
    "stream_10_var",
    "stream_1_count",
    "stream_1_mean",
    "stream_1_var",
    "stream_30_count",
    "stream_30_mean",
    "stream_30_var",
    "stream_5_count",
    "stream_5_mean",
    "stream_5_var",
    "stream_60_count",
    "stream_60_mean",
    "stream_60_var",
    "stream_jitter_10_mean",
    "stream_jitter_10_sum",
    "stream_jitter_10_var",
    "stream_jitter_1_mean",
    "stream_jitter_1_sum",
    "stream_jitter_1_var",
    "stream_jitter_30_mean",
    "stream_jitter_30_sum",
    "stream_jitter_30_var",
    "stream_jitter_5_mean",
    "stream_jitter_5_sum",
    "stream_jitter_5_var",
    "stream_jitter_60_mean",
    "stream_jitter_60_sum",
    "stream_jitter_60_var",
    "sum_p",
    "tcp_window_size",
    "time_since_previously_displayed_frame",
    "ttl",
    "var_e",
    "var_p"
  ]
}